成员, 贡献排行, 贡献本周, 战功本周, 助攻本周, 捐献本周, 贡献总量, 战功总量, 助攻总量, 捐献总量, 势力值, 所属州, 分组
廉展硕丨戰,200,30699226,72416,32460,0,35952062,72416,32460,14694,19143, 京兆北, 发育消极
金麟丨少典,27,86356338,316418,27801,318045,94740978,316418,27801,318045,31473, 长安, 金麟团
金麟丨老猫,59,96528295,231494,14449,206258,98006965,231494,14449,206258,34900, 长安, 金麟团
廉展碩,4,96048154,624833,18778,204685,104949148,624833,20038,204685,33250, 长安, 金麟团
思源丶火神,134,51434791,160555,18201,415325,56552904,160555,18201,415325,24210, 长安, 思源团
思源丶天明,140,42727152,152869,19599,215214,47170283,152869,19599,215214,19630, 京兆北, 思源团
思源丶清欢,2,100732283,640498,20005,203471,100892736,640498,20005,203471,35090, 长安, 思源团
天神丨曹孟德,5,83384870,594865,18834,220959,96269552,594865,18834,220959,33100, 长安, 天神团
天神丨鱼少,9,77590097,528656,22746,198415,78709928,528656,22746,198415,30400, 长安, 天神团
思源丶靠山王,58,71518725,257452,14758,209348,75001917,257452,14758,209348,27410, 长安, 思源团
金麟丨唐伯虎,84,70174512,205726,24555,204584,73587002,205726,24555,204584,31230, 长安, 金麟团
天神丨幸运星,20,66888574,386454,24675,200861,68878953,386454,24675,200861,30790, 长安, 天神团
思源丶大炮,69,62486631,228234,18860,207901,68835723,228234,18860,207901,26590, 长安, 思源团
小旋风柴進,49,61799217,259883,21812,285566,67814137,259883,21812,285566,26390, 长安, 绝对领域
至臻炒肉面,138,56197473,163454,11887,410375,61890317,163454,11887,410375,21750, 京兆北, 绝对领域
戰魂丨甘志豪,67,55057632,235015,19643,230666,61528412,235015,19643,230666,28310, 长安, 双魂团
無雙丿夢魘,233,52244914,74914,14016,202634,55365919,74914,14016,202634,27948, 长安, 双魂团
無雙丿随心,115,44446835,194118,27326,204312,51991074,194118,27326,204312,21893, 京兆北, 双魂团
天神丨无名,3,97100230,599674,18876,203804,106917562,599674,20139,203804,34640, 长安, 天神团
金麟丨头牌,17,96985880,380524,20251,204822,106029578,380524,20251,204822,33950, 长安, 金麟团
天神丨九寶,8,88118489,602824,22211,309088,92849832,602824,22211,309088,30910, 长安, 天神团
思源丶盖地虎,31,87521448,319535,16699,204910,90230475,319535,16699,204910,31250, 长安, 思源团
天神丨怒红颜,15,87125785,412570,21984,418999,87395584,412570,21984,418999,31230, 长安, 天神团
天神丨九哥,1,86729931,676603,17728,201324,86800968,676603,17728,201324,32460, 长安, 天神团
思源丶浪子心,19,86080655,415445,9886,205111,92121447,415445,9886,205111,28353, 长安, 思源团
戰魂丨月無痕,16,85932032,424095,27925,200301,91724187,424095,27925,200301,30800, 长安, 双魂团
天神丨富婆,12,82680968,459674,24426,200216,83931143,459674,24426,200216,32880, 长安, 天神团
天神丨金晨舞,14,82212987,438796,23590,321329,86450090,438796,23590,321329,32070, 长安, 天神团
天神丨秋風,6,81150480,595093,22311,202023,89144538,595093,22311,202023,31670, 长安, 天神团
天神丨是毛蛋,7,80904051,594348,16983,202356,87053620,594348,16983,202356,29380, 长安, 天神团
思源丶糯米团,29,79532083,343182,19059,199761,85541218,343182,19059,199761,29530, 长安, 思源团
天神丨有恒,11,78690941,471312,11582,200530,86770021,471312,11582,200530,30490, 长安, 天神团
思源丶山水,28,77747324,333968,27765,204264,78294962,333968,27765,204264,31070, 长安, 思源团
金麟丨小橘猫,23,76999872,367809,21230,207201,76999872,367809,21230,207201,30690, 长安, 金麟团
思源丶藍氺,10,75961474,472404,20253,239440,76604666,472404,20253,239440,31620, 长安, 思源团
思源丶无仙桃,48,75457363,294986,15637,200308,81200384,294986,15637,200308,30630, 长安, 思源团
天神丨居可,22,73755707,370698,17625,200521,82680596,370698,17625,200521,31810, 长安, 天神团
天神丨迷人哥,18,73730093,389401,18917,229720,81730579,389401,18917,229720,28979, 京兆北, 天神团
戰魂丨枕头,40,73348768,305299,20913,202639,81015879,305299,20913,202639,31410, 长安, 双魂团
思源丶太陽能,21,72722686,387432,16038,201015,78157647,387432,16038,201015,30500, 长安, 思源团
晨风破浪,25,72109418,353042,12499,221506,80342950,353042,12499,221506,31280, 长安, 绝对领域
思源丶星辰,64,70745077,229444,15582,222541,78661252,229444,15582,222541,30270, 长安, 思源团
天神丨悍将,34,70341580,317698,19008,675354,79782435,317698,19008,675354,30450, 长安, 天神团
烽火丨燎原,61,70330171,279202,16325,302031,78241743,279202,16325,302031,29360, 长安, 绝对领域
無雙丿低调,38,69835507,309289,20200,201881,77830621,309289,20200,201881,31330, 长安, 双魂团
百万军吾何惧,105,69770086,227641,16235,202574,72817727,227641,16235,202574,27190, 长安, 双魂团
戰魂丨催奶师,55,69756789,299280,26439,202033,72707208,299280,26439,202033,29760, 长安, 双魂团
金麟丨一月,33,69734515,294924,42163,404665,74433518,294924,42163,404665,23900, 长安, 金麟团
天神丨雲起,56,69615180,259932,13010,214426,70516971,259932,13010,214426,31453, 长安, 天神团
天神丨公孫,13,69266607,462152,17954,204073,77076019,462152,17954,204073,27943, 长安, 天神团
戰魂丨武士灵,88,68810958,206456,24338,202019,69657201,206456,24338,202019,28410, 长安, 双魂团
思源丶撞奶姜,76,68587294,230069,16010,201982,74977193,230069,16010,201982,29300, 长安, 思源团
思源丶退堂鼓,32,68324473,307690,20269,232111,77389238,307690,20269,232111,29360, 长安, 思源团
思源丶丞钧,26,68141352,383260,5565,448971,76259381,383260,5565,448971,27276, 长安, 思源团
思源丶童虎,79,67941788,206360,35279,404767,73648792,206360,35279,404767,31160, 长安, 思源团
思源丶皮球,53,67802715,271309,26255,201373,72195772,271309,26255,201373,26620, 长安, 思源团
思源丶老妖魔,35,67712330,321456,18917,226872,75090401,321456,18917,226872,26680, 长安, 思源团
思源丶渔大师,41,67512935,286001,15596,202124,68738462,286001,15596,202124,29333, 长安, 思源团
天神丨深几许,36,66041683,299471,21320,203084,73171296,299471,21320,203084,29060, 京兆北, 天神团
無雙丿紛紛吖,68,65665231,236567,15598,542636,74977886,236567,15598,542636,28840, 长安, 双魂团
思源丶刘彬,57,65648310,250573,15119,218344,69414364,250573,15119,218344,29990, 长安, 思源团
戰魂丨始皇,78,65354892,221292,18168,218747,73915192,221292,18168,218747,26270, 长安, 双魂团
金麟丨天帝王,37,64867264,306546,20099,200688,72554915,306546,20099,200688,30820, 长安, 金麟团
無雙丿红毛,66,64697264,229489,26901,218230,68444426,229489,26901,218230,28040, 长安, 双魂团
太史慈小老弟,52,64685057,253550,32802,204249,73701666,253550,32802,204249,30070, 长安, 绝对领域
天神丨南宫宸,30,64590047,309261,16131,220190,64628759,309261,16131,220190,24830, 长安, 天神团
金麟丨山海,96,64582362,196253,35364,402376,73579085,196253,35364,402376,29510, 长安, 金麟团
思源丶大G哥,71,64125014,240570,16570,206431,70654232,240570,16570,206431,28950, 长安, 思源团
金麟丨关小羽,90,64110567,214949,19129,200728,69188050,214949,19129,200728,26690, 京兆北, 金麟团
思源丶轰天炮,24,63845192,357724,21176,203952,64424975,357724,21176,203952,30243, 长安, 思源团
戰魂丨帅帅,112,63583328,192992,25503,200790,68021607,192992,25503,200790,23780, 京兆北, 双魂团
放学小老弟,99,63054364,209228,10997,203808,65346148,209228,10997,203808,27800, 长安, 绝对领域
金麟丨萨斯风,166,63039673,144433,16421,411696,66765772,144433,16421,411696,25053, 京兆北, 金麟团
金麟丨极乐汤,111,62657380,198019,24039,200934,66957316,198019,24389,200934,27610, 长安, 金麟团
戰魂丨暴怒,73,62653174,267888,30951,293397,69290979,267888,30951,293397,28013, 长安, 双魂团
天神丨亮,45,62642595,296647,23150,201500,66350437,296647,23150,201500,23990, 长安, 天神团
天神丨足迹,109,62538686,184544,16492,201567,71635970,184544,16492,201567,29890, 长安, 天神团
天神丨刘皇叔,62,62523171,252134,17347,202849,68791627,252134,17347,202849,30090, 长安, 天神团
思源丶轰炸機,86,62145788,210618,18629,200405,67929380,210618,18629,200405,30340, 长安, 思源团
戰魂丨黑茶,85,61988077,255563,16616,204198,68994462,255563,16616,204198,30110, 长安, 双魂团
戰魂丨疯癫,123,61915631,158155,30791,320919,67040944,158155,30791,320919,27290, 京兆北, 双魂团
金麟丨威风哥,108,61252322,188298,21891,217113,66391679,188298,21891,217113,23600, 京兆北, 金麟团
天神丨吕北萧,74,61056929,205158,30703,204206,66482436,205158,30703,204206,28256, 长安, 天神团
戰魂丨大红包,65,60834037,230407,16538,200147,65894350,230407,16538,200147,28080, 长安, 双魂团
思源丶凹凸曼,97,60812332,208992,12815,208692,65687688,208992,12815,208692,28033, 长安, 思源团
金麟丨杜俭,46,60778755,264519,25065,206709,64718455,264519,25065,206709,28840, 长安, 金麟团
貔貅小老弟,82,60610536,228223,17279,402967,60610536,228223,17279,402967,27460, 长安, 绝对领域
天神丨养猪,43,60582768,306122,21284,202269,67501916,306122,21284,202269,27370, 长安, 天神团
天神丨枪,201,60567282,97192,15242,201364,65438614,97192,15242,201364,26280, 京兆北, 天神团
思源丶黄宗泽,93,60555708,214727,16858,202610,60688707,214727,16858,202610,28660, 长安, 思源团
天神丨南宫霆,54,60287854,274715,14685,208363,61575273,274715,14685,208363,26150, 长安, 天神团
思源丶想想,132,59889318,171704,15985,201660,62875404,171704,15985,201660,22740, 京兆北, 思源团
思源丶小白,83,59626770,210219,26179,211715,66886795,210219,26179,211715,29710, 长安, 思源团
無雙丿至尊寶,98,59623561,198178,14967,229946,66965230,198178,14967,229946,29310, 长安, 双魂团
無雙丿飓风,114,58674299,180221,18122,301795,63497708,180221,18122,301795,28360, 长安, 双魂团
金麟丨绿子,51,58384538,241821,33992,205998,64818255,241821,33992,205998,27300, 长安, 金麟团
思源丶晚晚,170,58036796,124430,17273,290114,63257862,124430,17273,290114,26300, 京兆北, 思源团
思源丶盯裆猫,176,57962022,132455,9814,203092,60541337,132455,9814,203092,21380, 长安, 思源团
金麟丨巧克力,42,57859961,249852,57564,204290,62749288,249852,57564,204290,27720, 长安, 金麟团
金麟丨放棄,131,57628115,165250,37715,221127,60856161,165250,37715,221127,23090, 长安, 金麟团
無雙丿烤红薯,165,57624824,133642,29589,211996,63829787,133642,29589,211996,27600, 长安, 双魂团
毒曲小老弟,94,57517990,214099,19800,201827,57517990,214099,19800,201827,25090, 长安, 绝对领域
天神丨一页书,89,57404632,237136,26095,197618,63301366,237136,26095,197618,23690, 长安, 天神团
朴正欢,116,56938770,164368,30988,404140,56938770,164368,30988,404140,28120, 长安, 绝对领域
金麟丨池中物,101,56243135,195363,17684,229630,60824755,195363,17684,229630,27490, 长安, 金麟团
戰魂丨黑白键,80,55972524,205012,17569,204225,62015577,205012,17569,204225,28310, 京兆北, 双魂团
托塔天王晁盖,39,55930792,331933,21202,200133,61100533,331933,21202,200133,24260, 长安, 绝对领域
天神丨齊,139,55915461,150265,17941,210939,61206639,150265,17941,210939,23790, 京兆北, 天神团
天神丨一頁书,231,55806548,102141,11007,443572,55806548,102141,11007,443572,21163, 京兆北, 天神团
天神丨星空,91,55565808,213321,16966,387282,62956824,213321,16966,387282,28536, 长安, 天神团
思源丶北堂,47,55526793,282519,23802,206167,62990956,282519,23802,206167,26690, 长安, 思源团
金麟丨小哥,186,54954460,107466,23847,218403,58003797,107466,23847,218403,21020, 京兆北, 金麟团
思源丶孙吴,50,54857170,267855,27764,304499,54857170,267855,27764,304499,23583, 长安, 思源团
天神丨闻仲,81,54623954,197842,11464,314337,54624420,197842,11464,314337,27913, 长安, 天神团
無雙丿夏侯青,92,54515385,208757,18196,207859,62403460,208757,18196,207859,27490, 长安, 双魂团
天神丨容嬷嬷,75,54412688,206823,23094,201651,60707254,206823,23094,201651,27763, 长安, 天神团
戰魂丨风云,127,54345368,159835,35915,414545,59785188,159835,35915,414545,27520, 长安, 双魂团
思源丶踏凌霄,77,54193387,230028,20443,310977,58768872,230028,20443,310977,24320, 长安, 思源团
戰魂丨豪饮,129,54002558,159345,23627,254938,59490975,159345,23627,254938,25100, 长安, 双魂团
金麟丨敵敵畏,168,53209222,136353,19464,421242,60682202,136353,19464,421242,23440, 京兆北, 金麟团
天神丨无心,44,52594555,295728,27764,408308,54097416,295728,27764,408308,27280, 长安, 天神团
成公成公,126,52479874,171341,14588,200876,57623785,171341,14588,200876,27500, 长安, 绝对领域
金麟丨小孕猫,194,52463345,95682,21751,201933,60202712,95682,21751,201933,28070, 京兆北, 金麟团
金麟丨张萧成,137,52252768,132152,52016,282315,58245980,132152,52016,282315,23710, 长安, 金麟团
金麟丨糕糕,70,52091385,216751,24390,414106,57159780,216751,24390,414106,22890, 京兆北, 金麟团
無雙丿哀木涕,128,51827019,212173,21137,408261,58685304,212173,21137,408261,21720, 长安, 双魂团
青梅小老弟,122,51597294,164747,26711,209746,56702615,164747,26711,209746,18160, 京兆北, 绝对领域
天神丨时光,203,51537228,100981,15726,209999,57581201,100981,15726,209999,23320, 京兆北, 天神二团
天神丨王德发,212,50854833,95848,22638,256454,55955760,95848,22638,256454,21870, 京兆北, 天神二团
金麟丨枪不倒,225,50780555,77141,23109,235482,54980644,77141,23109,235482,22530, 京兆北, 金麟团
懒觉小老弟,145,50519939,160637,9681,208270,50519939,160637,9681,208270,23000, 京兆北, 绝对领域
戰魂丨公羊,158,50076096,138801,18114,401772,58042338,138801,18114,401772,22660, 京兆北, 双魂团
戰魂丨贪婪,130,50042718,197818,12905,305698,57439674,197818,12905,305698,26790, 长安, 双魂团
天神丨小钻风,254,49854889,43381,20913,290620,53508368,43381,20913,290620,17520, 京兆北, 天神二团
戰魂丨菠菠,157,49693041,146569,22108,213275,54662934,146569,22108,213275,21650, 京兆北, 双魂团
天神丨颜兮,87,49635699,203462,16051,203752,49636563,203462,16051,203752,28340, 长安, 天神团
戰魂丨鱼仔,267,49535363,35637,6235,0,51702535,35637,6235,0,21430, 京兆北, 未分组
思源丶踏空熊,156,49471132,153262,17166,210379,55206915,153262,17166,210379,26520, 长安, 思源团
無雙丿鴻鼠,121,49390800,172539,19628,202939,56239555,172539,19628,202939,27540, 长安, 双魂团
天神丨爆爆,106,49335588,174760,23372,210331,55452615,174760,23372,210331,26110, 京兆北, 天神团
金麟丨如意,188,49220881,128371,24391,416563,49220881,128371,24391,416563,20180, 京兆北, 金麟团
無雙丿风起,150,49066631,156791,15173,205693,54434634,156791,15173,205693,22450, 长安, 双魂团
戰魂丨想她,174,48757273,162200,28211,201134,52540056,162200,28211,201134,20490, 京兆北, 双魂团
天神丨一頁書,104,48704256,181831,22232,204131,54068543,181831,22232,204131,27410, 长安, 天神团
無雙丿和为贵,102,48518291,190406,24096,216464,55153843,190406,24096,216464,24980, 长安, 双魂团
天神丨雷禅,60,48413316,235778,32384,198918,52566896,235778,32384,198918,19823, 京兆北, 天神团
天神丨小铞毛,100,48252174,281670,12501,203027,48252174,281670,12501,203027,23160, 长安, 天神团
無雙丿楼长,95,47856767,204633,31370,247460,54984213,204633,31370,247460,25750, 长安, 双魂团
戰魂丨無名,204,47765167,91759,34896,401951,53151126,91759,34896,401951,23260, 京兆北, 双魂团
無雙丿等风来,184,47727819,170261,27180,620682,53223455,170261,27180,620682,20950, 京兆北, 双魂团
無雙丿cm,144,47712196,215089,30791,203606,51764288,215089,30791,203606,22380, 长安, 双魂团
青面兽痒止,172,47531187,129661,13048,215307,48633122,129661,13048,215307,23580, 京兆北, 绝对领域
思源丶阿满,63,47456135,253426,17595,203094,50361305,253426,17595,203094,26050, 长安, 思源团
天神丨星辰,142,47177286,163574,26601,222397,53109240,163574,26601,222397,24989, 京兆北, 天神团
天神丨牛人,135,46981296,156496,19693,370886,53980711,156496,19693,370886,20180, 长安, 天神团
茶杯里洗澡,143,46528329,161832,13472,201412,52146908,161832,13472,201412,27850, 长安, 绝对领域
金麟丨迪西,103,46502556,200973,22063,205120,51937835,200973,22063,205120,20706, 长安, 金麟团
金麟丨公良,151,46081581,182613,20348,404712,46081581,182613,20348,404712,21460, 京兆北, 金麟团
天神丨思樂冰,117,45664473,173084,20078,719930,50007347,173084,20078,719930,23150, 京兆北, 天神团
思源丶虎叔,118,45592623,180580,18717,206098,51422888,180580,18717,206098,23000, 长安, 思源团
天神丨哲元,149,45235297,123212,29987,240303,51459713,123212,29987,240303,22856, 京兆北, 天神团
烽火丨霸气,110,45185586,189666,28812,200504,49995652,189666,28812,200504,21510, 京兆北, 绝对领域
無雙丿平躺,173,44917630,169551,44917,217238,44917630,169551,44917,217238,22740, 长安, 双魂团
金麟子怡龙丘,72,44914412,151325,49449,213923,51415793,151325,49449,213923,24756, 长安, 金麟团
成天哈哈哈,119,44865075,158456,19106,413627,47205706,158456,19106,413627,22940, 京兆北, 绝对领域
金麟丨CY,148,44663481,137191,28093,202531,48754315,137191,28093,202531,22430, 京兆北, 金麟团
天神丨爆,202,44520732,105316,28808,215169,48953398,105316,28808,215169,21660, 京兆北, 天神团
戰岚丨Leo,167,44234602,132691,27128,317522,48081318,132691,27128,317522,23206, 长安, 金麟团
戰魂丨最问情,234,44233616,75866,37202,400110,49084566,75866,37202,400110,22930, 京兆北, 双魂团
金鳞丨文徵明,189,44093063,96295,26107,303373,48550517,96295,26107,303373,18130, 京兆北, 金麟团
混世魔王樊瑞,159,44010239,161039,13662,461645,44010239,161039,13662,461645,22090, 京兆北, 绝对领域
金麟丨书元,183,43844135,101498,21672,201828,49341594,101498,21672,201828,22070, 京兆北, 金麟团
金麟丨宇宙,242,43687554,102243,19829,209581,46457056,102243,19829,209581,17900, 京兆北, 金麟团
無雙丿醉逍遥,213,43634533,107352,25282,201940,48667578,107352,25282,201940,20170, 京兆北, 双魂团
金麟丨锺景行,164,43166796,132574,20646,200745,44134738,132574,20646,200745,20050, 京兆北, 金麟团
神机入梦,195,42974787,134740,16502,202610,42974787,134740,16502,202610,18040, 京兆北, 绝对领域
思源丶飓风,107,42873789,187951,21879,202840,47849317,187951,21879,202840,22400, 京兆北, 思源团
霹雳火玄天宗,237,42716719,77179,4935,207081,42716719,77179,4935,207081,27810, 长安, 绝对领域
流沙丨CFF,192,42342802,80998,33585,202186,45728007,80998,33585,202186,19313, 京兆北, 绝对领域
思源丶天龙,226,41435926,82412,21230,242397,41665800,82412,21230,242397,20623, 京兆北, 思源团
金麟丨胖哒哒,181,41402129,160128,23953,205415,44861696,160128,23953,205415,19520, 京兆北, 金麟团
伯约小老弟,153,41298050,155720,15912,204709,41562863,155720,15912,204709,20859, 京兆北, 绝对领域
金鳞丨龙梦,232,41189203,76591,18719,222663,41189203,76591,18719,222663,20188, 京兆北, 金麟团
烽火丨神走位,249,40701834,100564,7206,201938,40701834,100564,7206,201938,20040, 京兆北, 绝对领域
五香猴小老弟,154,40321753,139502,20835,211259,44612413,139502,20835,211259,21280, 京兆北, 绝对领域
思源丶公子陌,169,39906631,136448,15901,207829,42342329,136448,15901,207829,19390, 京兆北, 思源二团
戰魂丨风無言,224,39862832,130949,22097,200274,41696351,130949,22097,200274,18900, 京兆北, 双魂团
思源丶敏,196,39656509,105861,19891,354960,45217859,105861,19891,354960,20700, 京兆北, 思源团
思源丶铢寶,120,39428466,152151,37795,207542,45964414,152151,37795,207542,21486, 京兆北, 思源团
天神丨鹏泰熙,162,39125024,183448,19613,205323,39125024,183448,19613,205323,19212, 京兆北, 天神团
金麟丨克洛普,245,38905133,136781,15012,300407,38905133,136781,15012,300407,21699, 京兆北, 金麟团
戰魂丨一道门,211,38876391,106902,17603,213524,38876391,106902,17603,213524,19000, 京兆北, 双魂团
朴亿升,163,38867359,124490,24397,411339,38867359,124490,24397,411339,18360, 京兆北, 绝对领域
思源丶陈桂林,250,38602366,80244,15536,1061247,43651269,80244,15536,1061247,19200, 京兆北, 思源二团
金麟丨不系舟,179,38595893,108963,24279,212888,38595893,108963,24279,212888,21576, 京兆北, 金麟团
戰魂丨空空,215,37964367,83219,16614,350677,37964367,83219,16614,350677,22870, 京兆北, 双魂团
没遮拦穆弘,218,37758285,88670,15501,222694,41663903,88670,15501,222694,22240, 京兆北, 绝对领域
戰魂丨缪斯,125,37583834,153180,23483,406176,40835430,153180,23483,406176,23010, 长安, 双魂团
天神丨修士,113,37534480,179315,22531,204044,41667884,179315,22531,204044,22513, 长安, 天神团
無雙丿趙子龍,214,37482666,108937,34350,201185,42691548,108937,34350,201185,19580, 京兆北, 双魂团
金麟丨姣姣,124,37444637,163149,23497,201247,37444637,163149,23497,201247,20600, 京兆北, 金麟团
天神丨小刚蛋,271,36888302,29242,4270,301105,38601553,29242,4270,301105,18693, 京兆北, 天神二团
天神丨三更,187,36348033,114780,13633,404291,36889824,114780,13633,404291,20550, 京兆北, 天神团
金麟丨欧诺,180,36219070,203582,30751,415973,36294170,203582,30751,415973,18780, 京兆北, 金麟团
天神丨朗拿度,206,36193130,117722,19117,698166,42344776,117722,19117,698166,20323, 京兆北, 天神二团
戰丿廉展硕,262,36192357,41300,11454,289969,36192357,41300,11454,289969,17710, 京兆北, 特勤营
思源丶靓仔,229,36105095,77414,14703,197806,36105095,77414,14703,197806,18140, 京兆北, 思源团
金麟丨白马,175,36088152,113830,15269,206327,38869579,113830,15269,206327,17500, 京兆北, 金麟团
天神丨小彩蛋,155,35807258,160512,16799,212725,40311191,160512,16799,212725,19040, 京兆北, 天神团
極丨闲王很忙,193,35767189,121144,24338,581327,35947924,121144,24338,581327,19820, 京兆北, 绝对领域
無雙丿独尊,209,35756012,136885,25911,405772,37277040,136885,25911,405772,18793, 京兆北, 双魂团
無雙丿晴宝,191,35504040,195136,26556,206939,35836344,195136,26556,206939,17493, 京兆北, 双魂团
思源丶剑风,199,35403083,122647,12887,548357,39452630,122647,12887,548357,19680, 京兆北, 思源二团
烽火丨老衲,185,35385786,113235,14715,418289,35801711,113235,14715,418289,19740, 京兆北, 绝对领域
天神丨景鸿,198,34650305,161206,31398,228611,34781036,161206,31398,228611,21403, 京兆北, 天神团
思源丶叶飞,146,34112381,158357,15393,325995,37847014,158357,15393,325995,26290, 长安, 思源团
思源丶洛克李,236,33790071,99425,14334,698447,33790071,99425,14334,698447,19030, 京兆北, 思源团
金鳞丨千里,171,33646426,120334,20731,201371,36568888,120334,20731,201371,18980, 京兆北, 金麟团
军机丨帝师,222,33579340,98815,6330,408557,33579340,98815,6330,408557,18320, 京兆北, 绝对领域
思源丶胖丁,210,33049421,137393,17526,215931,33049421,137393,17526,215931,20940, 京兆北, 思源团
金紫泳,227,33027399,77201,11752,203572,33027399,77201,11752,203572,18900, 京兆北, 绝对领域
思源丶卧龍,270,32965646,24276,7989,427461,34139468,24276,7989,427461,17623, 京兆北, 思源二团
筑前守殿,160,32846829,151593,6178,229457,32846829,151593,6178,229457,22220, 京兆北, 绝对领域
混江龙丨李俊,228,32815911,71595,26359,408912,38080468,71595,26359,408912,19940, 京兆北, 绝对领域
無雙丿小红毛,246,32698954,77542,15765,426727,32698954,77542,15765,426727,18245, 京兆北, 双魂团
思源丶辰汐,197,32503913,91613,21196,202825,37554766,91613,21196,202825,17406, 京兆北, 思源团
军机丨子路,208,32348145,107955,8023,206612,32348145,107955,8023,206612,18600, 京兆北, 绝对领域
思源丶老杨,177,31958916,112202,25442,417805,32398872,112202,25442,417805,18823, 京兆北, 思源团
天神丨鱼摆摆,161,31883218,141521,17507,203237,31883218,141521,17507,203237,18283, 京兆北, 天神团
思源丶凡尔赛,239,31144020,79127,11232,213634,35063545,79127,11232,213634,22650, 长安, 思源团
六眼飞鱼,223,31115551,92487,16183,201578,31115551,92487,16183,201578,21010, 京兆北, 绝对领域
戰岚丨破阵子,220,30886932,77725,8722,449657,30886932,77725,8722,449657,18400, 京兆北, 戰岚团
天神丨棋侍,258,30786893,89277,14866,209836,30786893,89277,14866,209836,19513, 京兆北, 天神二团
美髯公朱仝,216,30292694,119088,12646,207165,30292694,119088,12646,207165,17310, 京兆北, 绝对领域
吾身骑白马,136,30039709,159156,7056,204416,30039709,159156,7056,204416,22980, 京兆北, 戰岚团
極丨时云泽,219,29935918,109165,26947,201729,29935918,109165,26947,201729,20593, 京兆北, 绝对领域
冷诗杰,133,29739878,182394,4959,201129,29739878,182394,4959,201129,22733, 京兆北, 戰岚团
亲鸽鸽,141,29587877,165549,7250,205949,29587877,165549,7250,205949,24160, 京兆北, 戰岚团
天神丨捏个吉,235,29516995,95995,19688,239124,32589978,95995,19688,239124,17523, 京兆北, 天神二团
青石小老弟,178,29265116,112232,19190,400922,31782215,112232,19190,400922,18466, 京兆北, 绝对领域
金麟丨皮皮,207,29189923,166977,14187,742620,31386332,166977,14187,742620,19400, 京兆北, 金麟团
思源丶獨孤,221,28976622,90014,20660,224109,28976622,90014,20660,224109,20590, 京兆北, 思源团
九纹龙小老弟,252,28906182,76474,13671,316390,29510496,76474,13671,316390,18760, 京兆北, 绝对领域
之海小老弟,241,28634027,85016,21327,404468,28634027,85016,21327,404468,17020, 京兆北, 绝对领域
墨客丨向西,268,28057105,31994,3197,670990,28057105,31994,3197,670990,20760, 京兆北, 戰岚团
思源丶清花醉,182,27863822,131664,5539,204917,34483837,131664,5539,204917,21260, 京兆北, 思源团
天神丨玖歌,248,27859216,67112,9611,568935,27859216,67112,9611,568935,17843, 京兆北, 天神二团
小苹果很哇噻,273,27229941,43608,12138,820099,27229941,43608,12138,820099,21250, 京兆北, 戰岚团
可爱登小老弟,152,27129253,153319,12045,400898,27129253,153319,12045,400898,24060, 长安, 绝对领域
戰岚丨纹章,205,27015271,105221,7241,274183,27015271,105221,7241,274183,27160, 京兆北, 戰岚团
戰岚丨大鲸鱼,253,26717288,56587,4567,207075,26717288,56587,4567,207075,18140, 京兆北, 戰岚团
桃花l伊拾壹,230,24737980,99063,19972,403399,24737980,99063,19972,403399,17090, 京兆北, 绝对领域
戰岚丨九天,238,23642447,57382,6175,433844,23642447,57382,6175,433844,21750, 京兆北, 戰岚团
天神丨红蛋,190,23214711,109460,22168,194860,27052170,109460,22168,194860,18780, 京兆北, 天神团
戰岚丨馬駿,244,22909346,83813,2095,200343,22909346,83813,2095,200343,22110, 京兆北, 戰岚团
神武丨上官逸,272,22822237,28867,12197,403140,25342779,28867,12197,509849,15906, 京兆北, 战功弱基
烽火丨百味,260,22705252,48066,9522,208943,22860527,48066,9522,208943,16385, 京兆北, 发育消极
天神丨牛牛蛋,255,21673540,105665,11166,392146,21799240,105665,11166,392146,17750, 京兆北, 发育消极
思源丨王道,276,21609602,42112,18290,4293836,21609602,42112,18290,4293836,15200, 京兆北, 发育消极
思源丶凡人,265,21350519,49683,13842,208561,22511401,49683,13842,208561,19050, 京兆北, 思源二团
墨客丨巫云,240,21197225,92940,1324,0,21197225,92940,1324,0,23233, 京兆北, 戰岚团
戰岚丨临江仙,259,19989375,56594,5860,202228,19989375,56594,5860,202228,18910, 京兆北, 戰岚团
天武丨追风,147,19864568,171952,4135,226801,19864568,171952,4135,226801,21990, 京兆北, 戰岚团
天策丨炎龙魂,263,19157778,46420,2240,258936,19157778,46420,2240,258936,19503, 京兆北, 戰岚团
思源丶公瑾,257,18380407,83517,8605,2097984,21043696,83517,8605,2097984,17230, 京兆北, 发育消极
天神丨穷光蛋,269,18136651,43943,9239,1344090,18136651,43943,9239,1344090,13163, 京兆北, 发育消极
戰岚丨风無息,243,18006348,75187,13424,202364,18006348,75187,13424,202364,21763, 京兆北, 戰岚团
明丨包子星,261,17233293,36815,9936,211561,17233293,36815,9936,211561,21890, 京兆北, 戰岚团
恰见明月栖木,266,15045477,47902,1496,200894,15045477,47902,1496,200894,22200, 京兆北, 战功弱基
霉卵霉卵,251,14610593,72978,3395,0,14610593,72978,3395,0,20170, 京兆北, 戰岚团
天策丨炎龙警,256,14174154,94289,4148,218216,14174154,94289,4148,218216,20013, 京兆北, 戰岚团
羊村牛牛,277,13284658,17725,1062,254223,13284658,17725,1062,254223,17773, 京兆北, 戰岚团
明丨如痴如醉,274,12111764,21388,4802,411521,12111764,21388,4802,411521,15150, 京兆北, 战功弱基
明丨如梦,247,10556576,70293,3472,311771,10556576,70293,3472,311771,21540, 京兆北, 戰岚团
戰岚丨佐住哥,264,10489892,44148,5126,204698,10489892,44148,5126,204698,19340, 京兆北, 发育消极
天策清风明月,217,10383699,130007,5129,1934203,10383699,130007,5129,1934203,18153, 京兆北, 绝对领域
明丨如火如荼,275,10314031,18898,3753,412239,10314031,18898,3753,412239,13800, 京兆北, 战功弱基
席無魚,286,9647474,0,3282,5655311,9647474,0,3282,5655311,14620, 扶风, 特勤营
天神丨农夫,278,8276620,48587,8555,11088876,8276620,48587,8555,11088876,17120, 长安, 发育消极
寿無疆,280,5154176,0,4032,9668133,5154176,0,4032,9668133,9580, 扶风, 特勤营
天神丨铺路,295,4884870,25581,514,3225793,4884870,25581,514,3225793,14620, 京兆北, 战功弱基
厉丨無雙,298,4126307,0,0,7930926,4349752,0,0,7930926,7666, 扶风, 特勤营
星無尘,283,2041933,1,2793,13108225,2041933,1,2793,13108225,9690, 扶风, 特勤营
戰无常,281,1927114,0,4032,3804109,1927114,0,4032,3804109,10250, 扶风, 特勤营
廉旋风,282,1594947,0,3528,7892054,1594947,0,3528,7892054,9310, 扶风, 特勤营
宴無鷄,284,904008,0,1260,3887714,1110678,0,1260,3887714,10887, 扶风, 特勤营
风无名,297,864737,0,0,7159410,2428760,0,0,7159410,6380, 扶风, 特勤营
天神丨金城武,279,401268,14621,350,0,874502,14621,350,0,20585, 冯翊, 天神二团
剑无痕,291,197051,7368,2654,13075439,197051,7368,2654,13075439,6890, 长安, 特勤营
天无涯,290,149588,8775,6895,12850422,149588,8775,6895,12850422,6443, 长安, 特勤营
刀无情,285,109119,8837,5648,7822454,109119,8837,5648,7822454,5046, 长安, 特勤营
月无眠,288,103246,0,4340,6573440,103246,0,4340,6573440,7742, 长安, 特勤营
雪無痕,289,93658,0,4137,9198955,93658,0,4137,9198955,6766, 长安, 特勤营
魅无双,292,83812,0,3800,8230000,83812,0,3800,8230000,5606, 扶风, 特勤营
剑無情,287,83555,0,5208,8230000,267040,0,5208,8230000,5260, 扶风, 特勤营
风无影,296,59076,0,665,5907623,59076,0,665,5907623,6293, 扶风, 特勤营
浪无羁,293,58993,0,2646,5490701,58993,0,2646,5490701,6680, 长安, 特勤营
荆無命,294,1668,34,1330,0,1668,34,1330,0,2512, 京兆北, 特勤营
廉展硕丿戰,299,0,0,350,0,2343,0,350,0,790, 冯翊, 特勤营
测试2,,,,,,,0,,,,,测试1团
测试3,,,,,,,999999,,,,,测试1团
